vii,type,Institution name,Alt1,Alt2,Alt3,Alt4,Alt5,Alt6,Alt7,Alt8,Alt9,Alt10
Australia,Academia,Australian National University,Australian National U ni versi ty,ANU,NICTA,,,,,,,
Australia,Academia,Deakin University,,,,,,,,,,
Australia,Academia,Queensland University of Technology,,,,,,,,,,
Australia,Academia,University of Adelaide,Univ of Adelaide,Univ. of Adelaide,,,,,,,,
Australia,Academia,University of Melbourne,,,,,,,,,,
Australia,Academia,University of New South Wales,Univ of New South Wales,Univ. of New South Wales,UNSW Australia,UNSW,@cse.unsw.edu.au,unsw.edu.au,,,,
Australia,Academia,University of Queensland,,,,,,,,,,
Australia,Academia,University of Sydney,Univ of Sydney,Univ. of Sydney,,,,,,,,
Australia,Academia,University of Technology Sydney,Univ of Technology Sydney,Univ. of Technology Sydney,"University of Technology, Sydney",,,,,,,
Australia,Academia,Monash University,,,,,,,,,,
Australia,Academia,University of South Australia,,,,,,,,,,
Australia,Academia,Grifﬁth University,,,,,,,,,,
Australia,Company,Data61,,,,,,,,,,
Australia,Government,CSIRO,Canberra Laboratory,cbr.dit.csiro.au,,,,,,,,
Australia,Government,Telstra Research Laboratories,,,,,,,,,,
Austria,Academia,Institute of Science and Technology Austria,IST Austria,"Institute of Science and Technology (IST), Austria",,,,,,,,
Austria,Academia,Johannes Kepler University,,,,,,,,,,
Austria,Academia,TU Graz,Graz Univ. of Technology,Graz University of Technology,Technische Universitaet Graz,Technische Universitat Graz,,,,,,
Austria,Academia,University Linz,Univ Linz,Univ. Linz,,,,,,,,
Austria,Academia,University of Salzburg,Univ of Salzburg,Univ. of Salzburg,,,,,,,,
Austria,Academia,Vienna University of Technology,,,,,,,,,,
Austria,Academia,University of Vienna,,,,,,,,,,
Austria,Academia,Alpen-Adria University,,,,,,,,,,
Austria,Government,Austrian Institute of Technology,,,,,,,,,,
Belgium,Academia,Ghent University,,,,,,,,,,
Belgium,Academia,KU Leuven,,,,,,,,,,
Belgium,Academia,Vrije Universiteit Brussel,,,,,,,,,,
Belgium,Company,NGDATA-Europe,,,,,,,,,,
Brazil,Academia,Federal University of Sao Paulo,,,,,,,,,,
Brazil,Academia,PUC-Rio,Pontifical Catholic University of Rio de Janeiro,@INF.PUC-RIO.BR,,,,,,,,
Canada,Academia,Dalhousie University,,,,,,,,,,
Canada,Academia,Ecole Polytechnique de Montreal,,,,,,,,,,
Canada,Academia,McMaster University,,,,,,,,,,
Canada,Academia,Simon Fraser University,,,,,,,,,,
Canada,Academia,Universite Laval,Universit?e Laval,Laval University,Laval,,,,,,,
Canada,Academia,University of Alberta,Univ of Alberta,Univ. of Alberta,,,,,,,,
Canada,Academia,University of British Columbia,Univ of British Columbia,Univ. of British Columbia,ubc.ca,,,,,,,
Canada,Academia,University of Montreal,Univ of Montreal,Univ. of Montreal,Universit?e de Montr?eal,Universite de Montreal,Universit? de Montr?al,Universit´e de Montr´eal,@iro.umontreal.ca,Université de Montréal,Universit de Montral,
Canada,Academia,University of Ottawa,,,,,,,,,,
Canada,Academia,University of Toronto,Univ of Toronto,Univ. of Toronto,@cs.toronto.edu,,,,,,,
Canada,Academia,University of Waterloo,Univ of Waterloo,Univ. of Waterloo,Univ. of Waterloo,,,,,,,
Canada,Academia,University of Guelph,,,,,,,,,,
Canada,Academia,York University,,,,,,,,,,
Canada,Academia,University of Victoria,,,,,,,,,,
Canada,Academia,Universit´e de Sherbrooke,,,,,,,,,,
Canada,Academia,Quest University,,,,,,,,,,
Canada,Company,D-Wave,,,,,,,,,,
Canada,Company,layer6,,,,,,,,,,
Canada,Company,Borealis AI,,,,,,,,,,
Canada,Independent Research,CIRANO,,,,,,,,,,
Chile,Academia,Universidad de Chile,,,,,,,,,,
China,Academia,Anhui University,,,,,,,,,,
China,Academia,Beijing Institute of Technology,Beijing Institute of Tech,,,,,,,,,
China,Academia,Beijing Jiaotong University,,,,,,,,,,
China,Academia,Beijing Normal University,bnu.edu.cn,,,,,,,,,
China,Academia,Beijing University of Posts and Telecommunications,,,,,,,,,,
China,Academia,Chinese Academy of Sciences,University of Chinese Academy of Sciences,"NLPR, Institute of Automation, Chinese Academy of Sciences",CAS Key lab of Network Data Science & Technology,,,,,,,
China,Academia,Dalian University of Technology,,,,,,,,,,
China,Academia,East China Normal University,,,,,,,,,,
China,Academia,Fudan University,,,,,,,,,,
China,Academia,Huazhong Univ. of Sci. and Tech.,Huazhong Univ. of Science and Technology,Huazhong University of Science and Technology,,,,,,,,
China,Academia,Nanjing University,,,,,,,,,,
China,Academia,Nanjing University of Aeronautics and Astronautics,,,,,,,,,,
China,Academia,National University of Defense Technology,,,,,,,,,,
China,Academia,Northwestern Polytechnical University,,,,,,,,,,
China,Academia,Peking University,,,,,,,,,,
China,Academia,Shanghai Jiaotong University,Shanghai Jiao Tong University,,,,,,,,,
China,Academia,Shanghai University,,,,,,,,,,
China,Academia,ShanghaiTech University,,,,,,,,,,
China,Academia,Shenzhen Graduate School,,,,,,,,,,
China,Academia,Sichuan University,,,,,,,,,,
China,Academia,Southern University of Science and Technology,,,,,,,,,,
China,Academia,Southern University of Science and Technology,SUSTech China,,,,,,,,,
China,Academia,Sun Yat-sen University,,,,,,,,,,
China,Academia,Tsinghua University,,,,,,,,,,
China,Academia,University of Science and Technology of China,,,,,,,,,,
China,Academia,Xi'an Jiaotong University,XiÕan Jiaotong University,@MAIL.XJTU.EDU.CN,Xi’an Jiaotong University,,,,,,,
China,Academia,Xidian University,,,,,,,,,,
China,Academia,Zhejiang University,,,,,,,,,,
China,Academia,Tianjin University,@TJU.EDU.CN,,,,,,,,,
China,Academia,Harbin Institute of Technology,,,,,,,,,,
China,Academia,Soochow University,,,,,,,,,,
China,Academia,Jilin University,,,,,,,,,,
China,Academia,Dalian Maritime University,,,,,,,,,,
China,Academia,Guizhou University,,,,,,,,,,
China,Academia,Changchun Institute of Technology,,,,,,,,,,
China,Academia,China University of Geosciences,,,,,,,,,,
China,Company,Alibaba,,,,,,,,,,
China,Company,Baidu,,,,,,,,,,
China,Company,DJI,,,,,,,,,,
China,Company,Huawei,Huawei Technologies Co. Ltd.,Noah's Ark Lab,huawei.com,,,,,,,
China,Company,Qihoo 360,,,,,,,,,,
China,Company,SenseTime Group Ltd.,SenseTime,@sensetime.com,,,,,,,,
China,Company,Tencent,Tencent AI Lab,,,,,,,,,
China,Company,Lenovo,Lenovo Research & Technology,@lenovo.com,,,,,,,,
China,Government,Key Laboratory of Symbolic Computation and Knowledge Engineering of Ministry of Education,,,,,,,,,,
Colombia,Academia,Universidad Nacional de Colombia,,,,,,,,,,
Czechia,Academia,Czech Technical University,,,,,,,,,,
Denmark,Academia,IT University of Copenhagen,,,,,,,,,,
Denmark,Academia,Technical University of Denmark,Technical Univ. of Denmark,,,,,,,,,
Denmark,Academia,University of Copenhagen,Univ of Copenhagen,Univ. of Copenhagen,Niels Bohr Institute,,,,,,,
Denmark,Company,FindZebra,,,,,,,,,,
Finland,Academia,Aalto University,,,,,,,,,,
Finland,Academia,Helsinki University of Technology,,,,,,,,,,
Finland,Academia,University of Helsinki,Univ of Helsinki,Univ. of Helsinki,,,,,,,,
Finland,Academia,University of Jyvaskylat,,,,,,,,,,
Finland,Company,Curious AI Company,,,,,,,,,,
Finland,Company,Nokia,,,,,,,,,,
Finland,Government,VTT Technical Research Centre of Finland,,,,,,,,,,
France,Academia,Aix-Marseille Universit?e,,,,,,,,,,
France,Academia,Ecole Normale Superieure,ENS,École Normale Supérieure,ens.fr,E?cole Normale Superieure,,ENS Cachan - CMLA,,,,
France,Academia,École Polytechnique,"?cole Polytechnique,Palaiseau","?cole Polytechnique, Palaiseau",,Ecole Polytechnique,,,,,,
France,Academia,EPFL,Ecole polytechnique fédérale de Lausanne,,,,,,,,,
France,Academia,INSA de Rouen,,,,,,,,,,
France,Academia,INSEAD,,,,,,,,,,
France,Academia,Institut Universitaire de France,,,,,,,,,,
France,Academia,Jean Monnet University,l'Université Jean Monnet,,,,,,,,,
France,Academia,PSL Research University,,,,,,,,,,
France,Academia,Supélec,Sup?lec,,,,,,,,,
France,Academia,Telecom ParisTech,,,,,,,,,,
France,Academia,Universit? Joseph Fourier,,,,,,,,,,
France,Academia,Universit?e de Rouen,,,,,,,,,,
France,Academia,Universit?e de Technologie de Compi`egne,,,,,,,,,,
France,Academia,Universit?e Paris VI,,,,,,,,,,
France,Academia,Universit?e Paris-Sud,Université Paris Sud,,,,,,,,,
France,Academia,Universit?e Pierre et Marie Curie,,,,,,,,,,
France,Academia,Universit?e Ren?e Descartes,,,,,,,,,,
France,Academia,Universite Bordeaux,Univ. Bordeaux,,,,,,,,,
France,Academia,Universite Cote d'Azur,,,,,,,,,,
France,Academia,Universite de Bretagne Sud,,,,,,,,,,
France,Academia,Universite de Lorraine,,,,,,,,,,
France,Academia,Université de Lyon,,,,,,,,,,
France,Academia,Universite de Rouen,,,,,,,,,,
France,Academia,Universite de Technologie de Compiegne,,,,,,,,,,
France,Academia,Universite Paris-Saclay,Université Paris Saclay,Universit?e Paris-Saclay,,,,,,,,
France,Academia,Universite Pierre et Marie Curie,,,,,,,,,,
France,Academia,Universite St Etienne,,,,,,,,,,
France,Academia,University of Grenoble,Univ of Grenoble,Univ. of Grenoble,Universit?e Grenoble I,Universit´e de Grenoble,,,,,,
France,Academia,University of Lille,Université de Lille,,,,,,,,,
France,Academia,University Paris Descartes,Univ Paris Descartes,Univ. Paris Descartes,,,,,,,,
France,Academia,Universit´e Paris-Est,,,,,,,,,,
France,Academia,Ecole des Ponts ParisTech,,,,,,,,,,
France,Academia,University of Artois,,,,,,,,,,
France,Academia,Paris Dauphine University,,,,,,,,,,
France,Company,France-Telecom,,,,,,,,,,
France,Company,La Poste/SRTP,La Poste,,,,,,,,,
France,Company,Orange Telecom,@orange.com,,,,,,,,,
France,Company,Sanoﬁ,,,,,,,,,,
France,Government,Centre de Recherche Cerveau & Cognition,,,,,,,,,,
France,Government,CNRS,,,,,,,,,,
France,Government,Georges-Pompidou European Hospital,,,,,,,,,,
France,Government,INRIA,Inria,INRIA Lille,inria.fr,Inria Bordeaux Sud-Ouest,INRIA Grenoble,,,,,
France,Government,Institut de Physique Théorique,,,,,,,,,,
France,Government,Irstea,CEMAGREF,Institut national de recherche en sciences et technologies pour l'environnement et l'agriculture,,,,,,,,
France,Government,lip6.fr,,,,,,,,,,
France,Government,LORIA,,,,,,,,,,
France,Independent Research,ATR Computational Neuroscience Laboratories,ATR Computational Neuroscience laboratories,ATR,,,,,,,,
Germany,Company,Bosch GmbH,Bosch Center for Artificial Intelligence,,,,,,,,,
Germany,Academia,Berlin Institute of Technology,Technische Universit?at Berlin,,,,,,,,,
Germany,Academia,Friedrich Schiller University Jena,University of Jena,,,,,,,,,
Germany,Academia,Gerhard-Mercator-University Duisburg,,,,,,,,,,
Germany,Academia,Goethe-University Frankfurt,,,,,,,,,,
Germany,Academia,Heidelberg University,University of Heidelberg,@iwr.uni-heidelberg.de,,,,,,,,
Germany,Academia,Humboldt University,,,,,,,,,,
Germany,Academia,Karlsruhe Institute of Technology,Universitiit Karlsruhe,Universitat Karlsruhe,Universitat Fridericiana Karlsruhe,,,,,,,
Germany,Academia,Ludwig-Maximilians-University,Ludwig-Maximilians-Univ.,,,,,,,,,
Germany,Academia,Medical School Hannover,,,,,,,,,,
Germany,Academia,Ruprecht-Karls-Universit?at Heidelberg,,,,,,,,,,
Germany,Academia,RWTH Aachen,,,,,,,,,,
Germany,Academia,Saarland University,,,,,,,,,,
Germany,Academia,Technical University Berlin,Berlin University of Technology,Technische Universitat Berlin,tu-berlin.de,TU Berlin,,,,,,
Germany,Academia,Technical University Darmstadt,Technical University of Darmstadt,Technische Universit¨at Darmstadt,Technische Universität Darmstadt,,,,,,,
Germany,Academia,Technical University of Berlin,,,,,,,,,,
Germany,Academia,TU Chemnitz,,,,,,,,,,
Germany,Academia,TU Darmstadt,,,,,,,,,,
Germany,Academia,TU Dresden,,,,,,,,,,
Germany,Academia,TU Munchen,Technische Universitat Munchen,TU Munich,Technical University of Munich,TUM,Technische Universit¨at M¨unchen,,,,,
Germany,Academia,Universitat Frankfurt,,,,,,,,,,
Germany,Academia,Universitat Ulm,University of Ulm,,,,,,,,,
Germany,Academia,University G?ottingen,,,,,,,,,,
Germany,Academia,University Medicine Berlin,,,,,,,,,,
Germany,Academia,University of Bielefeld,,,,,,,,,,
Germany,Academia,University of Bonn,Univ of Bonn,Univ. of Bonn,Rheinische Friedrich-Wilhelms-U niversitat,,,,,,,
Germany,Academia,University of Bremen,,,,,,,,,,
Germany,Academia,University of Freiburg,,,,,,,,,,
Germany,Academia,University of Freiburg,,,,,,,,,,
Germany,Academia,University of Hamburg,Universit¨at Hamburg,@informatik.uni-hamburg.de,,,,,,,,
Germany,Academia,University of Kiel,Christian-Albrechts-Uni versitiit Kiel,Christian-Albrechts-Universi tat Kiel,,,,,,,,
Germany,Academia,University of Oldenburg,,,,,,,,,,
Germany,Academia,University of Potsdam,,,,,,,,,,
Germany,Academia,University of Tubingen,Univ of Tubingen,Univ. of Tubingen,University of Tübingen,University T¨ubingen,bethgelab.org,,,,,
Germany,Academia,Marburg University,,,,,,,,,,
Germany,Academia,Freie Universit¨at Berlin,,,,,,,,,,
Germany,Academia,Jacobs University Bremen,,,,,,,,,,
Germany,Academia,University of Paderborn,,,,,,,,,,
Germany,Company,LIFE Biosystems GmbH,Life Technologies,,,,,,,,,
Germany,Company,Robert Bosch,,,,,,,,,,
Germany,Company,Siemens,Siemens AG,"Siemans Corporate Research, Inc.",Siemens Corporate Research,Siemens Corporate Technology,,,,,,
Germany,Company,Volkswagen,,,,,,,,,,
Germany,Government,German National Research Center for Computer Science (GMD),GMD,GMD.de,,,,,,,,
Germany,Government,University of Stuttgart,,,,,,,,,,
Germany,Independent Research,Central Institute of Mental Health,,,,,,,,,,
Germany,Independent Research,Centrum Wiskunde & Informatica,,,,,,,,,,
Germany,Independent Research,Fraunhofer First,Fraunhofer Institute FIRST (IDA),Fraunhofer FIRST,GMD FIRST,GMD-First,,,,,,
Germany,Independent Research,Helmholtz-Zentrum Dresden-Rossendorf e.V.,,,,,,,,,,
Germany,Independent Research,Max Planck Society,Max Planck Institute,Max-Planck Institut fur biologische Kybernetik,Max-Planck-Institut ,Max-Planck-Institut fur biologische Kybernetik,MPI for Biological Cybernetics,Max-Planck Institute for Informatics,MPI for Intelligent Systems,Max Planck Institute for Intelligent Systems,,
Greece,Academia,Athens University of Economics and Business,Athens University,,,,,,,,,
Greece,Academia,Technical University of Crete,,,,,,,,,,
Greece,Academia,Cyprus University of Technology,,,,,,,,,,
Hong Kong,Academia,Chinese University of Hong Kong,,,,,,,,,,
Hong Kong,Academia,City University of Hong Kong,,,,,,,,,,
Hong Kong,Academia,Hong Kong Baptist University,,,,,,,,,,
Hong Kong,Academia,Hong Kong University of Science and Technology,HKUST,,,,,,,,,
Hong Kong,Academia,"Hong Kong University of Science and Technology, Hong Kong",,,,,,,,,,
Hong Kong,Academia,The Chinese University of Hong Kong,,,,,,,,,,
Hong Kong,Academia,Hong Kong Polytechnic University,,,,,,,,,,
Hong Kong,Academia,The University of Hong Kong,,,,,,,,,,
Hong Kong,Government,Hong Kong Observatory,,,,,,,,,,
Hungary,Academia,Technical University of Budapest,,,,,,,,,,
Hungary,Company,Gravity R&D,@gravityrd.com,Gravity R&D Inc.,,,,,,,,
India,Academia,I.I.T. Bombay,Indian Institute of Technology Bombay,,,,,,,,,
India,Academia,I.I.T. Delhi,Indian Institute of Technology Delhi,,,,,,,,,
India,Academia,IIIT Hyderabad,,,,,,,,,,
India,Academia,IIT Kanpur,,,,,,,,,,
India,Academia,IIT Madras,Indian Institute of Technology Madras,"Indian Institute of Technology, Madras",,,,,,,,
India,Academia,Indian Institute of Science,,,,,,,,,,
India,Academia,Lahore University of Management Sciences,,,,,,,,,,
India,Government,ERNET,ernet.in,,,,,,,,,
Ireland,Academia,University College Dublin,,,,,,,,,,
Ireland,Academia,University College Cork,,,,,,,,,,
Israel,Academia,Ariel University,,,,,,,,,,
Israel,Academia,Bar-Ilan University,Bar Ilan University,,,,,,,,,
Israel,Academia,Ben Gurion University,@CS.BGU.AC.IL,,,,,,,,,
Israel,Academia,Ben-Gurion University of the Negev,,,,,,,,,,
Israel,Academia,Hebrew University,huji.ac.il,Hebrew University of Jerusalem,,,,,,,,
Israel,Academia,Open University of Israel,,,,,,,,,,
Israel,Academia,Technion,,,,,,,,,,
Israel,Academia,Tel Aviv University,Tel-Aviv University,,,,,,,,,
Israel,Independent Research,Weizmann Institute of Science,,,,,,,,,,
Italy,Academia,International School for Advanced Studies,,,,,,,,,,
Italy,Academia,Politecnico di Milano,,,,,,,,,,
Italy,Academia,Rome University,,,,,,,,,,
Italy,Academia,Sapienza University,,,,,,,,,,
Italy,Academia,Universit`a dell?Insubria,,,,,,,,,,
Italy,Academia,Universit`a di Genova,University of Genova,,,,,,,,,
Italy,Academia,Universit`a di Milano,Universita' di Milano,,,,,,,,,
Italy,Academia,Universit`a di Modena,,,,,,,,,,
Italy,Academia,Universita degli Studi di Milano,,,,,,,,,,
Italy,Academia,University of Florence,Univ of Florence,Univ. of Florence,,,,,,,,
Italy,Academia,University of Genoa,Univ of Genoa,Univ. of Genoa,,,,,,,,
Italy,Academia,University of Milan,Univ of Milan,Univ. of Milan,,,,,,,,
Italy,Academia,University of Padova,,,,,,,,,,
Italy,Academia,University of Perugia,Univ of Perugia,Univ. of Perugia,,,,,,,,
Italy,Academia,University of Pisa,Universita di Pisa,Pisa University,,,,,,,,
Italy,Academia,University of Rome,Univ of Rome,Univ. of Rome,,,,,,,,
Italy,Academia,University of Siena,Univ of Siena,Univ. of Siena,,,,,,,,
Italy,Academia,University of Trento,Univ of Trento,Univ. of Trento,,,,,,,,
Italy,Academia,University of Salerno,@DIA.UNISA.IT,,,,,,,,,
Italy,Academia,Politecnico di Torino,Polytechnic University of Turin,,,,,,,,,
Italy,Academia,Free University of Bozen-Bolzano,,,,,,,,,,
Italy,Academia,University of Brescia,,,,,,,,,,
Italy,Academia,University of Roma,,,,,,,,,,
Italy,Government,Italian National Inst. of Health,,,,,,,,,,
Italy,Independent Research,Istituto Italiano di Tecnologia,,,,,,,,,,
Italy,Independent Research,Istituto per La Ricerca,Istituto per la Ricerca Sociale,,,,,,,,,
Japan,Academia,Hiroshima City University,,,,,,,,,,
Japan,Academia,Hiroshima University,,,,,,,,,,
Japan,Academia,Hokkaido University,,,,,,,,,,
Japan,Academia,Hosei University,,,,,,,,,,
Japan,Academia,Kanagawa University,,,,,,,,,,
Japan,Academia,Keio University,,,,,,,,,,
Japan,Academia,Kyoto Prefecture University,,,,,,,,,,
Japan,Academia,Kyoto University,,,,,,,,,,
Japan,Academia,Kyushu Institute of Technology,,,,,,,,,,
Japan,Academia,Nagoya Institute of Technology,,,,,,,,,,
Japan,Academia,Nara Institute of Science and Technology,,,,,,,,,,
Japan,Academia,Osaka University,,,,,,,,,,
Japan,Academia,Tohoku University,,,,,,,,,,
Japan,Academia,Tokai University,,,,,,,,,,
Japan,Academia,Tokyo Inst. of Tech.,Tokyo Institute of Technology,,,,,,,,,
Japan,Academia,Tokyo Metropolitan University,,,,,,,,,,
Japan,Academia,Tsukuba University,University of Tsukuba,,,,,,,,,
Japan,Academia,University of Tokyo,Univ of Tokyo,Univ. of Tokyo,,,,,,,,
Japan,Academia,University of Hyogo,,,,,,,,,,
Japan,Academia,Ritsumeikan University,,,,,,,,,,
Japan,Academia,Kyushu University,,,,,,,,,,
Japan,Company,Fujitsu,,,,,,,,,,
Japan,Company,Mitsubishi,,,,,,,,,,
Japan,Company,NEC,,,,,,,,,,
Japan,Company,Nikon Corporation,,,,,,,,,,
Japan,Company,NTT,,,,,,,,,,
Japan,Company,Panasonic,,,,,,,,,,
Japan,Company,Ricoh,Ricoh California Research Center,,,,,,,,,
Japan,Company,Sharp,,,,,,,,,,
Japan,Company,Sony,Sony CSL,,,,,,,,,
Japan,Company,Sumitomo mitsui,,,,,,,,,,
Japan,Company,Toyota,,,,,,,,,,
Japan,Government,Institute of Statistical Mathematics,,,,,,,,,,
Japan,Government,Japan Science and Technology Agency,Japan Science and Technology Corporation,,,,,,,,,
Japan,Government,National Institute of Informatics,,,,,,,,,,
Japan,Government,RIKEN,Riken,RlKEN Brain Science Institute,,,,,,,,
Japan,Government,The Institute of Statistical Mathematics Japan,,,,,,,,,,
Luxembourg,Academia,University of Luxembourg,Univ of Luxembourg,Univ. of Luxembourg,,,,,,,,
Netherlands,Academia,Eindhoven University of Technology,,,,,,,,,,
Netherlands,Academia,Leiden University,,,,,,,,,,
Netherlands,Academia,Radboud University,,,,,,,,,,
Netherlands,Academia,University of Amsterdam,Univ of Amsterdam,Univ. of Amsterdam,Universiteit van Amsterdam,,,,,,,
Netherlands,Academia,University of Nijmegen,,,,,,,,,,
Netherlands,Academia,Wageningen University,,,,,,,,,,
Netherlands,Company,Philips,,,,,,,,,,
New Zealand,Academia,The University of Auckland,,,,,,,,,,
Norway,Academia,Norwegian University of Life Sciences,,,,,,,,,,
Norway,Academia,University of Oslo,,,,,,,,,,
Poland,Academia,Poznan University of Technology,Pozna´n University of Technology,,,,,,,,,
Poland,Academia,Jagiellonian University,,,,,,,,,,
Poland,Academia,University of Warsaw,,,,,,,,,,
Portugal,Academia,University of Coimbra,,,,,,,,,,
Portugal,Academia,University of Porto,,,,,,,,,,
Portugal,Academia,University of Minho ,Campus de Gualtar,,,,,,,,,
Portugal,Academia,Universidade Nova de Lisboa,,,,,,,,,,
Portugal,Independent Research,INESC-ID,,,,,,,,,,
Qatar,Independent Research,Qatar Computing Research Institute,,,,,,,,,,
Russia,Academia,Higher School of Economics,,,,,,,,,,
Russia,Academia,Moscow Institute of Physics and Technology,,,,,,,,,,
Russia,Company,Yandex,,,,,,,,,,
Russia,Academia,Skolkovo Institute of Science and Technology,Skoltech,,,,,,,,,
Russia,Government,Russian Academy of Sciences,USSR Academy of Sciences,,,,,,,,,
Singapore,Academia,Nanyang Technological University,"NTU, Singapore",NTU Singapore,,,,,,,,
Singapore,Academia,National University of Singapore,,,,,,,,,,
Singapore,Academia,Singapore Management University,,,,,,,,,,
Singapore,Academia,Singapore University of Technology and Design,,,,,,,,,,
Singapore,Government,A*STAR,Institute for Infocomm Research,,,,,,,,,
Singapore,Government,DSO National Laboratories,,,,,,,,,,
South Korea,Academia,KAIST,,,,,,,,,,
South Korea,Academia,Myong Ji University,,,,,,,,,,
South Korea,Academia,Pohang University of Science and Technology,Pohang Institute of Science and Technology,POSTECH,,,,,,,,
South Korea,Academia,Seoul National University,,,,,,,,,,
South Korea,Company,Lunit Inc.,,,,,,,,,,
South Korea,Company,NAVER,,,,,,,,,,
South Korea,Company,Samsung,,,,,,,,,,
South Korea,Company,SK T-Brain,,,,,,,,,,
South Korea,Government,Electronics and Telecommunications Research Institute,,,,,,,,,,
Spain,Academia,Universidad Carlos ill de Madrid,Universidad Carlos III de Madrid,Universidad Carlos III de Madrid,,,,,,,,
Spain,Academia,Universitat de Valencia,,,,,,,,,,
Spain,Academia,Universitat Politechnica Catalunya,,,,,,,,,,
Spain,Academia,Universitat Pompeu Fabra,,,,,,,,,,
Spain,Academia,Universidad de Zaragoza,,,,,,,,,,
Spain,Academia,Universidad Politécnica de Madrid,@upm.es,,,,,,,,,
Spain,Government,ICREA,,,,,,,,,,
Spain,Government,Institute of Microelectronics of Barcelona IMB-SNM,CNM-CSIC,,,,,,,,,
Sweden,Academia,Chalmers University,,,,,,,,,,
Sweden,Academia,KTH Royal Institute of Technology,"KTH, Royal Institute of technology",,,,,,,,,
Sweden,Academia,Lund University,,,,,,,,,,
Sweden,Academia,Uppsala University,,,,,,,,,,
Sweden,Academia,Link¨oping University,,,,,,,,,,
Sweden,Company,Spotify,,,,,,,,,,
Sweden,Government,NORDITA,,,,,,,,,,
Switzerland,Academia,ETH Zurich,Swiss Federal Institute of Technology,ETH Zürich,ethz.ch,ETH Z?urich,,,,,,
Switzerland,Academia,Universita della Svizzera italiana,,,,,,,,,,
Switzerland,Academia,University of Basel,unibas.ch,,,,,,,,,
Switzerland,Academia,University of Bern,Univ of Bern,Univ. of Bern,,,,,,,,
Switzerland,Academia,University of Geneva,,,,,,,,,,
Switzerland,Government,IDSIA,,,,,,,,,,
Switzerland,Independent Research,Idiap Research Institute,,,,,,,,,,
Taiwan,Academia,Academia Sinica,,,,,,,,,,
Taiwan,Academia,National Taiwan University,,,,,,,,,,
Turkey,Academia,Boğaziçi University,boun.edu.tr,,,,,,,,,
Turkey,Academia,Sabancı University,Sabanci University,,,,,,,,,
UK,Academia,Aston University,,,,,,,,,,
UK,Academia,Imperial College London,,,,,,,,,,
UK,Academia,King's College London,@kcl.ac.uk,,,,,,,,,
UK,Academia,London School of Economics,LSE,,,,,,,,,
UK,Academia,Newcastle University,,,,,,,,,,
UK,Academia,Univ. of Hertfordshire,,,,,,,,,,
UK,Academia,University College London,Univ College London,Univ. College London,"Gatsby Computational Neuroscience Unit, UCL","Gatsby Unit, UCL",,,,,,
UK,Academia,University of Birmingham,Univ of Birmingham,Univ. of Birmingham,,,,,,,,
UK,Academia,University of Bristol,Univ of Bristol,Univ. of Bristol,,,,,,,,
UK,Academia,University of Cambridge,Univ of Cambridge,Univ. of Cambridge,Cambridge University,Cambridge Medical School,CMS,cam.ac.uk,,,,
UK,Academia,University of Edinburgh,Univ of Edinburgh,Univ. of Edinburgh,Edinburgh University,,,,,,,
UK,Academia,University of Glasgow,Univ of Glasgow,Univ. of Glasgow,,,,,,,,
UK,Academia,University of London,"Royal Holloway, University of London","Royal Holloway College, University of London",RHUL,London Business School,,,,,,
UK,Academia,University of Newcastle,Univ of Newcastle,Univ. of Newcastle,,,,,,,,
UK,Academia,University of Nottingham,Univ of Nottingham,Univ. of Nottingham,,,,,,,,
UK,Academia,University of Oxford,Univ of Oxford,Univ. of Oxford,Oxford University,Univ. Oxford,,,,,,
UK,Academia,University of Plymouth,,,,,,,,,,
UK,Academia,University of Sheffield,Univ of Sheffield,Univ. of Sheffield,,,,,,,,
UK,Academia,University of Southampton,,,,,,,,,,
UK,Academia,University of St. Andrews,,,,,,,,,,
UK,Academia,University of Stirling,,,,,,,,,,
UK,Academia,University of Sussex,Univ of Sussex,Univ. of Sussex,,,,,,,,
UK,Academia,University of Warwick,Univ of Warwick,Univ. of Warwick,,,,,,,,
UK,Academia,University of York,Univ of York,Univ. of York,,,,,,,,
UK,Academia,Western University,,,,,,,,,,
UK,Academia,Heriot-Watt University,,,,,,,,,,
UK,Academia,University of Manchester,,,,,,,,,,
UK,Academia,University of Aberdeen,,,,,,,,,,
UK,Company,Barclays,BZW Barclays Global Investors,,,,,,,,,
UK,Company,Prowler.io,PROWLER.io,,,,,,,,,
UK,Government,Alan Turing Institute,,,,,,,,,,
UK,Government,Defence Evaluation & Research Agency,,,,,,,,,,
Ukraine,Independent Research,Szkocka Research Group,,,,,,,,,,
Uruguay,Academia,"Universidad de la Rep´ublica, Uruguay","Universidad de la República, Uruguay",,,,,,,,,
US,Academia,Arizona State University,ASU,"Arizona State Univerisity,",,,,,,,,
US,Academia,Boston University,,,,,,,,,,
US,Academia,Brandeis University,,,,,,,,,,
US,Academia,Brigham Young University,BYU,,,,,,,,,
US,Academia,Brown University,,,,,,,,,,
US,Academia,Caltech,California Institute of Technology,California Instit ute of Technology,,,,,,,,
US,Academia,Carnegie Mellon,Carnegie Mellon University,Carnegie-Mellon University,CMU,@andrew.cmu.edu,cmu.edu,,,,,
US,Academia,College of William & Mary,,,,,,,,,,
US,Academia,Colorado State University,"Colorado State University, Fort Collins",,,,,,,,,
US,Academia,Columbia University,Columbia University in the City of New York,"Columbia University, Teachers College",,,,,,,,
US,Academia,Cornell,Cornell Tech,Cornell University,@cornell.edu,,,,,,,
US,Academia,Dartmouth College,Dartmouth,,,,,,,,,
US,Academia,Duke University,,,,,,,,,,
US,Academia,Florida State University,,,,,,,,,,
US,Academia,Franklin. W. Olin College of Engineering,,,,,,,,,,
US,Academia,George Mason University,,,,,,,,,,
US,Academia,Georgetown University,,,,,,,,,,
US,Academia,Georgia Institute of Technology,Georgia Tech,GeorgiaTech,Georgia Institute of Tech.,Georgia Institute of Tech,,,,,,
US,Academia,Georgia State University,,,,,,,,,,
US,Academia,Harvard University,Harvard Medical School,@SEAS.HARVARD.EDU,@PHYSICS.HARVARD.EDU,,,,,,,
US,Academia,Indiana University,"Indiana University, Bloomington",,,,,,,,,
US,Academia,Iowa State University,,,,,,,,,,
US,Academia,Johns Hopkins University,,,,,,,,,,
US,Academia,Massachusetts Institute of Technology,MIT,Massachussetts Inst . of Technology,Massachussetts Inst. of Technology,M .I.T.,M.I.T.,mit.edu,,,,
US,Academia,McGill University,,,,,,,,,,
US,Academia,Michigan State University,,,,,,,,,,
US,Academia,Michigan Technological University,,,,,,,,,,
US,Academia,New York University,nyu.edu,NYU,,,,,,,,
US,Academia,North Carolina State University,NCSU,,,,,,,,,
US,Academia,Northeastern University,,,,,,,,,,
US,Academia,Northwestern University,,,,,,,,,,
US,Academia,Ohio State University,,,,,,,,,,
US,Academia,Oklahoma State University,,,,,,,,,,
US,Academia,Oregon Graduate Institute of Science and Technology,Oregon Graduate Institute,,,,,,,,,
US,Academia,Oregon Health & Science University,,,,,,,,,,
US,Academia,Oregon State University,,,,,,,,,,
US,Academia,Pennsylvania State University,PSU,Penn State,Penn State University,"Pennsylvania State University, The, University Park and Hershey Medical Center",,,,,,
US,Academia,Princeton University,Princeton University and Institute for Advanced Study,,,,,,,,,
US,Academia,Purdue University,"Purdue University, West Lafayette",Purdue University,,,,,,,,
US,Academia,Rensselaer Polytechnic Institute,RPI,,,,,,,,,
US,Academia,Rice University,,,,,,,,,,
US,Academia,Rutgers University,"Rutgers, The State University of New Jersey, New Brunswick","Rutgers, The State University of New Jersey, Newark",Rutgers,,,,,,,
US,Academia,Santa Clara University,scu.edu,,,,,,,,,
US,Academia,Stanford University,stanford.edu,@CS.STANFORD.EDU,Stanford,,,,,,,
US,Academia,Stony Brook University,State University of New York at Stony Brook,SUNY at Stony Brook,,,,,,,,
US,Academia,SUNY Buffalo,State University of New York at Buffalo,SUNY at Buffalo,,,,,,,,
US,Academia,Syracuse University,,,,,,,,,,
US,Academia,Temple University,Temple Univ.,,,,,,,,,
US,Academia,Tufts University,,,,,,,,,,
US,Academia,UC Berkeley,University of California at Berkeley,"Computer Science Division, University Of California","University of California, Berkeley",U.C. Berkeley,ICSI,International Computer Science Institute,U .C. Berkeley,U.C.Berkeley,berkeley.edu,@EECS.BERKELEY.EDU
US,Academia,UC Davis,"University of California, Davis",,,,,,,,,
US,Academia,UC Irvine,"University of California, Irvine","Univ. of California, Irvine",University of California Irvine,@uci.edu,,,,,,
US,Academia,UC Los Angeles,,,,,,,,,,
US,Academia,UC Merced,"University of California, Merced",@ucmerced.edu,,,,,,,,
US,Academia,UC San Diego,"University of California, San Diego",UCSD,ucsd.edu,,,,,,,
US,Academia,UC San Francisco,"University of California, San Francisco",,,,,,,,,
US,Academia,UC Santa Barbara,University of California Santa Barbara,UCSB,"University of California, Santa Barbara",,,,,,,
US,Academia,UC Santa Cruz,Univ. of Calif. at Santa Cruz,UCSC,ucsc.edu,,,,,,,
US,Academia,University at Albany,Univ at Albany,Univ. at Albany,State University of New York University at Albany,College of Nanoscale Science and Engineering of the University at Albany SUNY,,,,,,
US,Academia,University at Buffalo,Univ at Buffalo,Univ. at Buffalo,Univeristy at Buffalo,,,,,,,
US,Academia,University of Arizona,Univ of Arizona,Univ. of Arizona,,,,,,,,
US,Academia,"University of California, Los Angeles","Univ of California, Los Angeles","Univ. of California, Los Angeles",UCLA,@cs.ucla.edu,", University of California at Los Angeles",@ucla.edu,,,,
US,Academia,University of Chicago,Univ of Chicago,Univ. of Chicago,,,,,,,,
US,Academia,University of Colorado,,,,,,,,,,
US,Academia,University of Florida,Univ of Florida,Univ. of Florida,,,,,,,,
US,Academia,University of Hawaii,University of Hawaii at Manoa,,,,,,,,,
US,Academia,University of Illinois at Chicago,Univ of Illinois at Chicago,Univ. of Illinois at Chicago,,,,,,,,
US,Academia,University of Illinois at Urbana-Champaign,Univ of Illinois at Urbana-Champaign,Univ. of Illinois at Urbana-Champaign,"University of Illinois, Urbana",University of Illinois,UIUC,illinois.edu,,,,
US,Academia,University of Iowa,Univ of Iowa,Univ. of Iowa,,,,,,,,
US,Academia,University of Maryland,Univ of Maryland,Univ. of Maryland,"University of Maryland, College Park",,,,,,,
US,Academia,University of Massachusetts Amherst,Univ of Massachusetts Amherst,Univ. of Massachusetts Amherst,University of Massachusetts,,,,,,,
US,Academia,University of Michigan,Univ of Michigan,Univ. of Michigan,"University of Michigan, Ann Arbor",,,,,,,
US,Academia,University of Minnesota,Univ of Minnesota,Univ. of Minnesota,"University of Minnesota, Twin Cities",,,,,,,
US,Academia,University of Missouri,Univ of Missouri,Univ. of Missouri,,,,,,,,
US,Academia,University of New Mexico,,,,,,,,,,
US,Academia,University of North Carolina,Univ of North Carolina,Univ. of North Carolina,"University of North Carolina at Chapel Hill, The",,,,,,,
US,Academia,University of North Carolina at Chapel Hill,Univ of North Carolina at Chapel Hill,Univ. of North Carolina at Chapel Hill,,,,,,,,
US,Academia,University of North Texas,"University of North Texas, Denton",,,,,,,,,
US,Academia,University of Notre Dame,Univ of Notre Dame,Univ. of Notre Dame,,,,,,,,
US,Academia,University of Pennsylvania,Univ of Pennsylvania,Univ. of Pennsylvania,,,,,,,,
US,Academia,University of Pittsburgh,Univ of Pittsburgh,Univ. of Pittsburgh,,,,,,,,
US,Academia,University of Rochester,Univ of Rochester,Univ. of Rochester,,,,,,,,
US,Academia,University of Southern California,Univ of Southern California,Univ. of Southern California,U. of Southern California,USC,,,,,,
US,Academia,University of Texas at Arlington,,,,,,,,,,
US,Academia,University of Texas at Austin,Univ of Texas at Austin,Univ. of Texas at Austin,"UT at Austin, USA",utexas.edu,"The University of Texas, Austin",@CS.UTEXAS.EDU,@cs.utexas.edu,UT Austin,UT-Austin,
US,Academia,University of Utah,Univ of Utah,Univ. of Utah,@sci.utah.edu,,,,,,,
US,Academia,University of Vermont,,,,,,,,,,
US,Academia,University of Virginia,Univ of Virginia,Univ. of Virginia,,,,,,,,
US,Academia,University of Washington,Univ of Washington,Univ. of Washington,"University of Washington, Seattle",@cs.washington.edu,,,,,,
US,Academia,University of Wisconsin-Madison,Univ of Wisconsin-Madison,Univ. of Wisconsin-Madison,"University of Wisconsin, Madison",University of Wisconsin?Madison,wisc.edu,University of Wisconsin,,,,
US,Academia,UT Arlington,,,,,,,,,,
US,Academia,UT Dallas,University of Texas at Dallas,University of Texas at Dallas,Univ. of Texas Dallas,University of Texas (Dallas),,,,,,
US,Academia,Virginia Tech,,,,,,,,,,
US,Academia,Wake Forest University,,,,,,,,,,
US,Academia,Washington University in St. Louis,WUSTL,Washington University School of Medicine,Washington U.,Washington University in St Louis,,,,,,
US,Academia,West Virginia University,,,,,,,,,,
US,Academia,Willamette University,,,,,,,,,,
US,Academia,Wright State University,,,,,,,,,,
US,Academia,Yale University,,,,,,,,,,
US,Academia,"Texas A&M University, College Station",Texas A&M University,,,,,,,,,
US,Academia,"University of Texas M.D.Anderson Cancer Center, The",,,,,,,,,,
US,Academia,Vanderbilt,Vanderbilt U. and Vanderbilt U. Medical Center,,,,,,,,,
US,Academia,Emory University,,,,,,,,,,
US,Academia,Baylor College of Medicine,,,,,,,,,,
US,Academia,Virginia Polytechnic Institute and State University,,,,,,,,,,
US,Academia,"University of South Florida, Tampa",University of South Florida,@mail.usf.edu,@usf.edu,,,,,,,
US,Academia,"University of Alabama at Birmingham, The",,,,,,,,,,
US,Academia,Mount Sinai School of Medicine,,,,,,,,,,
US,Academia,"University of Texas Southwestern Medical Center, The",,,,,,,,,,
US,Academia,University of Cincinnati,,,,,,,,,,
US,Academia,Case Western Reserve University,,,,,,,,,,
US,Academia,University of Georgia,,,,,,,,,,
US,Academia,"Scripps Research Institute, The",,,,,,,,,,
US,Academia,University of Miami,,,,,,,,,,
US,Academia,University of Kentucky,,,,,,,,,,
US,Academia,Washington State University,,,,,,,,,,
US,Academia,"Rockefeller University, The",,,,,,,,,,
US,Academia,University of Kansas,,,,,,,,,,
US,Academia,"Louisiana State University, Baton Rouge",,,,,,,,,,
US,Academia,Bryn Mawr College,,,,,,,,,,
US,Academia,University of Oregon,cs.uoregon.edu,,,,,,,,,
US,Academia,UC Riverside,"University of California, Riverside",@CS.USR.EDU,,,,,,,,
US,Academia,University of Lousiana at Lafayette,,,,,,,,,,
US,Academia,Harvey Mudd College,,,,,,,,,,
US,Academia,Loyola Marymount University,,,,,,,,,,
US,Academia,North Carolina A&T State University,,,,,,,,,,
US,Academia,University of Masschusetts Lowell,,,,,,,,,,
US,Academia,Rochester Institute of Technology,,,,,,,,,,
US,Academia,The University of Southern Mississippi,,,,,,,,,,
US,Academia,University of New Hampshire,,,,,,,,,,
US,Academia,University of Nebraska-Lincoln,@cse.unl.edu,,,,,,,,,
US,Academia,Catholic University of America,,,,,,,,,,
US,Academia,University of Central Arkansas,,,,,,,,,,
US,Academia,University of Hartford,@hartford.edu,,,,,,,,,
US,Academia,University of Connecticut,@uconn.edu,uconn,,,,,,,,
US,Academia,University of Denver,,,,,,,,,,
US,Academia,Texas Tech University,@ttu.edu,,,,,,,,,
US,Academia,Southern Illinois University,,,,,,,,,,
US,Academia,University of Houston,,,,,,,,,,
US,Academia,New Mexico State University,,,,,,,,,,
US,Academia,University of Central Florida,,,,,,,,,,
US,Academia,Mississippi State University,,,,,,,,,,
US,Academia,University of Akron,,,,,,,,,,
US,Academia,Kansas State University,,,,,,,,,,
US,Academia,University of Delaware,,,,,,,,,,
US,Company,Adobe,,,,,,,,,,
US,Company,Amazon,,,,,,,,,,
US,Company,Apple,Apple Computer,,,,,,,,,
US,Company,"Arithmos, Inc.",,,,,,,,,,
US,Company,ASAPP,,,,,,,,,,
US,Company,AT &T Bell Laboratories,Bell Labs,AT&T,BellLabs,Bellcore,Bell Laboratories,,,,,
US,Company,Citadel,,,,,,,,,,
US,Company,DE Shaw,,,,,,,,,,
US,Company,Disney,disneyresearch.com,,,,,,,,,
US,Company,DuPont Pharmaceuticals,,,,,,,,,,
US,Company,Expedia,,,,,,,,,,
US,Company,ExxonMobil,,,,,,,,,,
US,Company,Facebook,fb.com,FAIR,Facebook AI Research,,,,,,,
US,Company,Google,Google Brain,Google Research,Deepmind,DeepMind Technologies,DeepMind,@google.com,Google DeepMind,,,
US,Company,Hearst,,,,,,,,,,
US,Company,IBM,,,,,,,,,,
,,,,,,,,,,,,
US,Company,International Remote Imaging Systems,,,,,,,,,,
US,Company,Kodak,"Business Imaging Systems, Eastman Kodak Company",,,,,,,,,
US,Company,Language Computer Corporation,,,,,,,,,,
US,Company,LinkedIn,,,,,,,,,,
US,Company,LogicBlox,,,,,,,,,,
US,Company,Lucent,Lucent Technologies,,,,,,,,,
US,Company,Microelectronics and Computer Technology Corporation,MCC,,,,,,,,,
US,Company,Microsoft,Microsoft Research,"Microsoft Research, Cambridge, UK",Microsoft Research Cambridge,,,,,,,
US,Company,N.A.P. Inc.,,,,,,,,,,
US,Company,"Nestor, Inc.",,,,,,,,,,
US,Company,Northrop Grumman Corp.,NGC,ngc.com,,,,,,,,
US,Company,NVIDIA,,,,,,,,,,
US,Company,Pavilion Technologies,,,,,,,,,,
US,Company,Petuum,,,,,,,,,,
US,Company,Salesforce,salesforce.com,,,,,,,,,
US,Company,Sarnoff Corporation,,,,,,,,,,
US,Company,"SAS Institute, Inc.",,,,,,,,,,
US,Company,Science Applications International Corporation,,,,,,,,,,
US,Company,"Siemens Corporate Research, Inc.",siemens.com,,,,,,,,,
US,Company,Sun Microsystems,Sun Labs,,,,,,,,,
US,Company,Synaptics,"Synaptics, Inc.",,,,,,,,,
US,Company,Thinking Machines Corporation,,,,,,,,,,
US,Company,Twitter,,,,,,,,,,
US,Company,Uber,,,,,,,,,,
US,Company,Vicarious FPC Inc.,Vicarious,,,,,,,,,
US,Company,Yahoo! Inc.,Yahoo! Research,Yahoo Research,Yahoo! Labs,,,,,,,
US,Company,VMWare,,,,,,,,,,
US,Company,Basis Technology,,,,,,,,,,
US,Company,Netflix,,,,,,,,,,
US,Company,iRobot,@irobot.com,,,,,,,,,
US,Company,Raytheon,Raytheon BBN Technologies,,,,,,,,,
US,Company,Accenture,Accenture Technology Labs,,,,,,,,,
US,Company,Nuance Communications,,,,,,,,,,
US,Company,Autodesk,Autodesk Research,,,,,,,,,
US,Company,General Electric,GE Global Research (GRC),,,,,,,,,
US,Government,Berkeley Lab,,,,,,,,,,
US,Government,Brookhaven National Laboratory,,,,,,,,,,
US,Government,Los Alamos National Lab,,,,,,,,,,
US,Government,NASA,NASA Ames Research Center,,,,,,,,,
US,Government,National Eye Institute,,,,,,,,,,
US,Government,National Institute of Mental Health,,,,,,,,,,
US,Government,Naval Health Research Center,,,,,,,,,,
US,Government,Naval Ocean Systems Center,,,,,,,,,,
US,Government,Naval Research Laboratory,,,,,,,,,,
US,Government,NIH,,,,,,,,,,
US,Government,Oak Ridge National Laboratories,Oak Ridge Natl. Lab.,,,,,,,,,
US,Government,United States Naval Academy,,,,,,,,,,
US,Government,Air Force Institute of Technology,,,,,,,,,,
US,Independent Research,Cold Spring Harbor Lab,Cold Spring Harbor Laboratory],,,,,,,,,
US,Independent Research,Flatiron Institute,,,,,,,,,,
US,Independent Research,Howard Hughes Medical Institute,Hughes Medical Institute,,,,,,,,,
US,Independent Research,Laureate Institute for Brain Research,,,,,,,,,,
US,Independent Research,Mayo Clinic,,,,,,,,,,
US,Independent Research,Open AI,openai.com,OpenAI,,,,,,,,
US,Independent Research,Salk Institute,Salk Institute for Biological Studies,The Salk Institute,,,,,,,,
US,Independent Research,Santa Fe Institute,,,,,,,,,,
US,Independent Research,Smith-Kettlewell Eye Research Inst.,,,,,,,,,,
US,Independent Research,SRI International,,,,,,,,,,
US,Independent Research,Memorial Sloan Kettering Cancer Center,Sloan Kettering Institute,,,,,,,,,
US,Independent Research,Criteo Research,,,,,,,,,,
US,Independent Research,Palo Alto Research Center,,,,,,,,,,
China,Company,CloudWalk,,,,,,,,,,
China,Company,Yitu,,,,,,,,,,
China,Company,Megvii,Face++,@megvii.com,Megvii Technology Inc.,Megvii Technology,Megvii Inc (Face++),(Face++),,,,
South Korea,Academia,Kyungpook National University,,,,,,,,,,
Israel,Academia,University of Haifa,,,,,,,,,,
China,Academia,Nankai University,,,,,,,,,,
Italy,Academia,University of L’Aquila,,,,,,,,,,
Greece,Academia,University of Patras,,,,,,,,,,
UK,Academia,University of Liverpool,,,,,,,,,,
UK,Academia,Durham University,,,,,,,,,,
US,Academia,City University of New York,,,,,,,,,,
UK,Academia,University of Essex,,,,,,,,,,
Denmark,Academia,Aarhus University,,,,,,,,,,
US,Academia,University of Louisville,,,,,,,,,,
UK,Academia,University of Bath,"University of Bath,",,,,,,,,,
Italy,Academia,University of Bologna,,,,,,,,,,
US,Academia,The University of Tennessee,"The University of Tennessee,",,,,,,,,,
China,Academia,Southeast University,,,,,,,,,,
Spain,Academia,University of Granada,,,,,,,,,,
UK,Academia,University of Surrey,,,,,,,,,,
Netherlands,Academia,Delft University of Technology,,,,,,,,,,
Turkey,Academia,¨Ozyeˇgin University,Özyeğin University,,,,,,,,,
China,Academia,Beihang University,,,,,,,,,,
South Korea,Independent Research,Korea Advanced Institute of Science and Technology,,,,,,,,,,
China,Academia,South China University of Technology,@scut.edu.cn,,,,,,,,,
China,Academia,Chongqing University,,,,,,,,,,
China,Academia,Tongji University,,,,,,,,,,
China,Academia,University of Electronic Science and Technology of China,UESTC,,,,,,,,,
China,Academia,Xiamen University,,,,,,,,,,
China,Government,Fujian Key Laboratory of Sensing and Computing for Smart City,,,,,,,,,,
US,Company,i2k Connect,,,,,,,,,,
US,Company,Intuit Inc.,Intuit,,,,,,,,,
US,Company,MassMutual,,,,,,,,,,
US,Company,Aspiring Minds,aspiringminds.com,,,,,,,,,
Japan,Company,Hitachi Ltd.,Hitachi,,,,,,,,,
US,Company,American Family Insurance,,,,,,,,,,
Austria,Academia,Technische Universität Wien (TU Wien),TU Wien,,,,,,,,,
US,Company,Lockheed Martin,,,,,,,,,,
Norway,Academia,Norwegian University of Science and Technology,(NTNU),,,,,,,,,
US,Academia,DePauw University,,,,,,,,,,
US,Academia,Auburn University,,,,,,,,,,
Japan,Academia,Tokyo University of Agriculture and Technology,,,,,,,,,,
South Korea,Academia,Chungbuk National University,,,,,,,,,,
US,Academia,Cisco Systems,Cisco,,,,,,,,,
UAE,Government,Inception Institute of Artiﬁcial Intelligence,@inceptioniai.org,,,,,,,,,
US,Academia,Illinois Institute of Technology,,,,,,,,,,
Netherlands,Academia,VU University Amsterdam,,,,,,,,,,
China,Academia,Wuhan University of Technology,,,,,,,,,,
Italy,Academia,University of Calabria,,,,,,,,,,
Germany,Academia,University of Mannheim,,,,,,,,,,
Canada,Academia,University of Western Ontario,,,,,,,,,,
US,Academia,New Jersey Institute of Technology,,,,,,,,,,
China,Company,JD.com,JD,@jd.com,Jingdong,,,,,,,
China,Company,IIIT Delhi,,,,,,,,,,
China,Company,Didi,Didi Chuxing,,,,,,,,,
China,Company,Ant Financial,,,,,,,,,,
US,Academia,Boise State University,,,,,,,,,,
US,Independent Research,Allen Institute for Artiﬁcial Intelligence,Allen Institute,,,,,,,,,
US,Company,KenSci,@kensci.com,,,,,,,,,
US,Company,SAP,@sap.com,,,,,,,,,
China,Government,Collaborative Innovation Center of Geospatial Technology,,,,,,,,,,
China,Academia,Nanchang University,,,,,,,,,,
US,Academia,Florida International University,,,,,,,,,,
China,Company,Cainiao,@cainiao.com,,,,,,,,,
China,Government,Hunan Engineering Research Center of Machine Vision and Intelligent Medicine,,,,,,,,,,
China,Academia,University of S&T of China,@ustc.edu.cn,,,,,,,,,
US,Company,Cycorp,@cyc.com,,,,,,,,,
Portugal,Academia,University of Lisbon,,,,,,,,,,
US,Academia,Swarthmore College,,,,,,,,,,
US,Academia,Louisiana State University,@lsu.edu,,,,,,,,,
US,Company,Ctrip,,,,,,,,,,
India,Academia,IIIT Delhi,,,,,,,,,,
India,Academia,IIIT Bombay,,,,,,,,,,
Australia,Academia,University of Wollongong,,,,,,,,,,
South Korea,Academia,Korea University,,,,,,,,,,
US,Academia,University of South Carolina,,,,,,,,,,
UK,Academia,University of Lincoln,,,,,,,,,,
Germany,Academia,University of Siegen,,,,,,,,,,
Lebanon,Academia,American University of Beirut,,,,,,,,,,
Japan,Academia,Waseda University,,,,,,,,,,
US,Government,Air Force Research Laboratory,@us.af.mil,Air Force Research Lab,@us.af,,,,,,,
US,Government,U.S. Army Research Laboratory,CCDC Army Research Laboratory,US Army Research Lab Adelphi,US Army Research Lab,civ@mail.mil,@mail.mil,,,,,
US,Government,Space and Naval Warfare Systems Center,@navy.mil,,,,,,,,,
US,Academia,The University of Texas at El Paso,UTEP,@utep.edu,,,,,,,,
China,Company,Xiaomi,,,,,,,,,,
China,Company,Netease,NetEase,,,,,,,,,
China,Company,Sina,,,,,,,,,,
China,Company,Sohu,,,,,,,,,,
China,Company,Meitu,,,,,,,,,,
China,Company,Suning,,,,,,,,,,
China,Company,iFlyTek,Keda Xunfei,,,,,,,,,
Germany,Company,Daimler,@daimler.com,,,,,,,,,
US,Company,Walmart Labs,,,,,,,,,,
Iran,Academia,Sharif University of Technology,,,,,,,,,,
US,Company,Intel AI Lab,,,,,,,,,,
US,Government,Oak Ridge National Lab,,,,,,,,,,
China,Company,ByteDance,,,,,,,,,,
US,Company,Airbnb,,,,,,,,,,